{"stats":{"minecraft:picked_up":{"minecraft:stick":2,"minecraft:wheat_seeds":1},"minecraft:custom":{"minecraft:jump":117,"minecraft:time_since_rest":12623,"minecraft:leave_game":1,"minecraft:damage_dealt":55,"minecraft:crouch_one_cm":42,"minecraft:sprint_one_cm":12078,"minecraft:play_time":12623,"minecraft:damage_taken":20,"minecraft:time_since_death":12623,"minecraft:walk_one_cm":8547,"minecraft:sneak_time":26,"minecraft:climb_one_cm":556,"minecraft:total_world_time":12623,"minecraft:fall_one_cm":4505,"minecraft:fly_one_cm":23757},"minecraft:mined":{"minecraft:grass":3,"minecraft:jungle_leaves":1,"minecraft:vine":1}},"DataVersion":2975}