{"stats":{"minecraft:used":{"minecraft:dirt":1,"minecraft:oak_sapling":1,"minecraft:egg":1},"minecraft:picked_up":{"minecraft:stick":4,"minecraft:feather":1,"minecraft:chicken":1,"minecraft:wheat_seeds":7,"minecraft:beef":2,"minecraft:oak_sapling":1,"minecraft:dirt":1,"minecraft:mutton":4,"minecraft:white_wool":2,"minecraft:egg":1},"minecraft:killed":{"minecraft:sheep":2,"minecraft:chicken":1,"minecraft:cow":1},"minecraft:mined":{"minecraft:grass":29,"minecraft:grass_block":1,"minecraft:vine":1,"minecraft:dead_bush":2,"minecraft:jungle_leaves":1,"minecraft:oak_leaves":10,"minecraft:fern":5},"minecraft:custom":{"minecraft:time_since_rest":34562,"minecraft:crouch_one_cm":198,"minecraft:sprint_one_cm":137379,"minecraft:play_time":34562,"minecraft:damage_taken":345,"minecraft:walk_one_cm":51705,"minecraft:sneak_time":116,"minecraft:mob_kills":4,"minecraft:jump":1136,"minecraft:damage_dealt":623,"minecraft:leave_game":2,"minecraft:walk_on_water_one_cm":991,"minecraft:time_since_death":34562,"minecraft:climb_one_cm":1291,"minecraft:total_world_time":34562,"minecraft:talked_to_villager":1,"minecraft:fly_one_cm":263027,"minecraft:fall_one_cm":38310}},"DataVersion":2975}